-- MySQL dump 10.13  Distrib 5.1.73, for redhat-linux-gnu (x86_64)
--
-- Host: localhost    Database: Seekle_development
-- ------------------------------------------------------
-- Server version	5.1.73

/*!40101 SET @OLD_CHARACTER_SET_CLIENT=@@CHARACTER_SET_CLIENT */;
/*!40101 SET @OLD_CHARACTER_SET_RESULTS=@@CHARACTER_SET_RESULTS */;
/*!40101 SET @OLD_COLLATION_CONNECTION=@@COLLATION_CONNECTION */;
/*!40101 SET NAMES utf8 */;
/*!40103 SET @OLD_TIME_ZONE=@@TIME_ZONE */;
/*!40103 SET TIME_ZONE='+00:00' */;
/*!40014 SET @OLD_UNIQUE_CHECKS=@@UNIQUE_CHECKS, UNIQUE_CHECKS=0 */;
/*!40014 SET @OLD_FOREIGN_KEY_CHECKS=@@FOREIGN_KEY_CHECKS, FOREIGN_KEY_CHECKS=0 */;
/*!40101 SET @OLD_SQL_MODE=@@SQL_MODE, SQL_MODE='NO_AUTO_VALUE_ON_ZERO' */;
/*!40111 SET @OLD_SQL_NOTES=@@SQL_NOTES, SQL_NOTES=0 */;

--
-- Table structure for table `categories`
--

DROP TABLE IF EXISTS `categories`;
/*!40101 SET @saved_cs_client     = @@character_set_client */;
/*!40101 SET character_set_client = utf8 */;
CREATE TABLE `categories` (
  `id` int(11) NOT NULL AUTO_INCREMENT,
  `title` varchar(255) COLLATE utf8_unicode_ci DEFAULT NULL,
  `created_at` datetime NOT NULL,
  `updated_at` datetime NOT NULL,
  PRIMARY KEY (`id`)
) ENGINE=InnoDB AUTO_INCREMENT=6 DEFAULT CHARSET=utf8 COLLATE=utf8_unicode_ci;
/*!40101 SET character_set_client = @saved_cs_client */;

--
-- Dumping data for table `categories`
--

LOCK TABLES `categories` WRITE;
/*!40000 ALTER TABLE `categories` DISABLE KEYS */;
INSERT INTO `categories` VALUES (1,'住まい','2016-07-24 12:50:02','2016-07-24 12:50:02'),(2,'イベント','2016-07-24 12:50:13','2016-07-24 12:50:13'),(3,'習い事','2016-07-24 12:50:44','2016-07-24 12:50:44'),(4,'健康','2016-07-24 12:50:48','2016-07-24 12:50:48'),(5,'その他','2016-07-24 12:50:52','2016-07-24 12:50:52');
/*!40000 ALTER TABLE `categories` ENABLE KEYS */;
UNLOCK TABLES;

--
-- Table structure for table `likes`
--

DROP TABLE IF EXISTS `likes`;
/*!40101 SET @saved_cs_client     = @@character_set_client */;
/*!40101 SET character_set_client = utf8 */;
CREATE TABLE `likes` (
  `id` int(11) NOT NULL AUTO_INCREMENT,
  `user_id` int(11) DEFAULT NULL,
  `note_id` int(11) DEFAULT NULL,
  `created_at` datetime NOT NULL,
  `updated_at` datetime NOT NULL,
  PRIMARY KEY (`id`)
) ENGINE=InnoDB AUTO_INCREMENT=17 DEFAULT CHARSET=utf8 COLLATE=utf8_unicode_ci;
/*!40101 SET character_set_client = @saved_cs_client */;

--
-- Dumping data for table `likes`
--

LOCK TABLES `likes` WRITE;
/*!40000 ALTER TABLE `likes` DISABLE KEYS */;
INSERT INTO `likes` VALUES (4,45,14,'2016-05-21 09:55:26','2016-05-21 09:55:26'),(6,45,16,'2016-05-21 11:35:33','2016-05-21 11:35:33'),(7,45,15,'2016-05-21 11:36:06','2016-05-21 11:36:06'),(8,57,16,'2016-05-21 11:50:49','2016-05-21 11:50:49'),(10,60,18,'2016-05-21 12:16:58','2016-05-21 12:16:58'),(13,63,20,'2016-05-21 14:07:25','2016-05-21 14:07:25'),(15,63,19,'2016-05-21 14:22:34','2016-05-21 14:22:34'),(16,63,22,'2016-05-22 08:51:00','2016-05-22 08:51:00');
/*!40000 ALTER TABLE `likes` ENABLE KEYS */;
UNLOCK TABLES;

--
-- Table structure for table `mailboxer_conversation_opt_outs`
--

DROP TABLE IF EXISTS `mailboxer_conversation_opt_outs`;
/*!40101 SET @saved_cs_client     = @@character_set_client */;
/*!40101 SET character_set_client = utf8 */;
CREATE TABLE `mailboxer_conversation_opt_outs` (
  `id` int(11) NOT NULL AUTO_INCREMENT,
  `unsubscriber_id` int(11) DEFAULT NULL,
  `unsubscriber_type` varchar(255) COLLATE utf8_unicode_ci DEFAULT NULL,
  `conversation_id` int(11) DEFAULT NULL,
  PRIMARY KEY (`id`),
  KEY `index_mailboxer_conversation_opt_outs_on_unsubscriber_id_type` (`unsubscriber_id`,`unsubscriber_type`),
  KEY `index_mailboxer_conversation_opt_outs_on_conversation_id` (`conversation_id`),
  CONSTRAINT `mb_opt_outs_on_conversations_id` FOREIGN KEY (`conversation_id`) REFERENCES `mailboxer_conversations` (`id`)
) ENGINE=InnoDB DEFAULT CHARSET=utf8 COLLATE=utf8_unicode_ci;
/*!40101 SET character_set_client = @saved_cs_client */;

--
-- Dumping data for table `mailboxer_conversation_opt_outs`
--

LOCK TABLES `mailboxer_conversation_opt_outs` WRITE;
/*!40000 ALTER TABLE `mailboxer_conversation_opt_outs` DISABLE KEYS */;
/*!40000 ALTER TABLE `mailboxer_conversation_opt_outs` ENABLE KEYS */;
UNLOCK TABLES;

--
-- Table structure for table `mailboxer_conversations`
--

DROP TABLE IF EXISTS `mailboxer_conversations`;
/*!40101 SET @saved_cs_client     = @@character_set_client */;
/*!40101 SET character_set_client = utf8 */;
CREATE TABLE `mailboxer_conversations` (
  `id` int(11) NOT NULL AUTO_INCREMENT,
  `subject` varchar(255) COLLATE utf8_unicode_ci DEFAULT '',
  `created_at` datetime NOT NULL,
  `updated_at` datetime NOT NULL,
  PRIMARY KEY (`id`)
) ENGINE=InnoDB AUTO_INCREMENT=74 DEFAULT CHARSET=utf8 COLLATE=utf8_unicode_ci;
/*!40101 SET character_set_client = @saved_cs_client */;

--
-- Dumping data for table `mailboxer_conversations`
--

LOCK TABLES `mailboxer_conversations` WRITE;
/*!40000 ALTER TABLE `mailboxer_conversations` DISABLE KEYS */;
INSERT INTO `mailboxer_conversations` VALUES (1,'hi','2016-05-02 05:09:52','2016-05-02 05:09:52'),(2,'hi','2016-05-02 05:15:33','2016-05-02 05:15:33'),(3,'こんにちわ','2016-05-02 05:47:49','2016-05-02 05:47:49'),(4,'えみですか','2016-05-02 07:25:44','2016-05-02 07:25:44'),(5,'','2016-05-02 07:56:16','2016-05-02 07:56:16'),(6,'','2016-05-02 08:06:32','2016-05-02 08:06:32'),(7,'','2016-05-02 08:06:56','2016-05-02 08:06:56'),(8,'','2016-05-03 02:39:45','2016-05-03 02:39:45'),(9,'','2016-05-03 03:43:53','2016-05-03 03:43:53'),(10,'','2016-05-03 05:19:44','2016-05-03 05:19:44'),(11,'','2016-05-03 05:21:26','2016-05-03 05:21:26'),(12,'','2016-05-03 05:22:06','2016-05-03 05:22:06'),(13,'','2016-05-03 05:22:21','2016-05-03 05:22:21'),(14,'','2016-05-03 05:41:43','2016-05-03 05:41:43'),(15,'','2016-05-03 06:03:14','2016-05-03 06:03:14'),(16,'','2016-05-03 06:04:41','2016-05-03 06:04:41'),(17,'','2016-05-03 06:07:15','2016-05-03 06:07:15'),(18,'','2016-05-03 06:08:12','2016-05-03 06:08:12'),(19,'','2016-05-03 06:09:31','2016-05-03 06:09:31'),(20,'','2016-05-03 06:11:34','2016-05-03 06:11:34'),(21,'','2016-05-03 06:12:26','2016-05-03 06:12:26'),(22,'','2016-05-03 06:13:42','2016-05-03 06:13:42'),(23,'','2016-05-03 06:15:53','2016-05-03 06:15:53'),(24,'','2016-05-03 06:17:25','2016-05-03 06:17:25'),(25,'','2016-05-06 08:39:13','2016-05-06 08:39:13'),(26,'はろ','2016-05-06 10:01:41','2016-05-06 10:01:41'),(27,'morikawa','2016-05-06 11:04:22','2016-05-06 11:04:22'),(28,'morikawa','2016-05-06 11:05:18','2016-05-06 11:05:18'),(29,'morikawa','2016-05-06 11:11:36','2016-05-06 11:11:36'),(30,'もりかえあ','2016-05-06 11:12:43','2016-05-06 11:12:43'),(31,'もりかえあ','2016-05-06 11:13:44','2016-05-06 11:13:44'),(32,'あ','2016-05-06 11:47:27','2016-05-06 11:47:27'),(33,'いあう','2016-05-06 11:51:41','2016-05-06 11:51:41'),(34,'あう','2016-05-06 11:52:46','2016-05-06 11:52:46'),(35,'あう','2016-05-06 11:53:14','2016-05-06 11:53:14'),(36,'えいえ','2016-05-06 11:53:34','2016-05-06 11:53:34'),(37,'あいう','2016-05-06 11:54:20','2016-05-06 11:54:20'),(38,'あいう','2016-05-06 11:55:09','2016-05-06 11:55:09'),(39,'あいう','2016-05-06 11:57:06','2016-05-06 11:57:06'),(40,'あ','2016-05-06 11:57:38','2016-05-06 11:57:38'),(41,'あ','2016-05-06 11:59:11','2016-05-06 11:59:11'),(42,'あ','2016-05-06 11:59:15','2016-05-06 11:59:15'),(43,'あ','2016-05-06 11:59:45','2016-05-06 11:59:45'),(44,'あい','2016-05-06 12:03:26','2016-05-06 12:03:26'),(45,'あいう','2016-05-06 12:03:59','2016-05-06 12:03:59'),(46,'くろこ','2016-05-06 12:08:21','2016-05-06 12:08:21'),(47,'くろこ','2016-05-06 12:10:32','2016-05-06 12:10:32'),(48,'くろこ','2016-05-06 12:10:36','2016-05-06 12:10:36'),(49,'あいあ','2016-05-06 12:23:36','2016-05-09 10:45:56'),(50,'もりかわ','2016-05-10 08:02:23','2016-05-10 08:02:23'),(51,'あう','2016-05-10 08:03:00','2016-05-10 08:03:00'),(52,'あいう','2016-05-10 08:04:17','2016-05-10 08:04:17'),(53,'あいう','2016-05-10 08:04:42','2016-05-10 08:04:42'),(54,'あう','2016-05-10 08:06:08','2016-05-10 08:06:08'),(55,'あう','2016-05-10 08:06:10','2016-05-10 08:06:10'),(56,'あいうあ','2016-05-11 09:50:36','2016-05-11 09:50:36'),(57,'a','2016-05-12 03:48:50','2016-05-12 03:48:50'),(58,'てすと','2016-05-13 10:32:57','2016-05-13 10:32:57'),(59,'おーい！','2016-05-13 15:07:49','2016-05-13 15:08:35'),(60,'あいう','2016-05-15 05:21:15','2016-05-15 05:21:15'),(61,'あいう','2016-05-28 04:04:39','2016-05-28 04:04:39'),(62,'こんにちわ！','2016-07-26 12:21:50','2016-08-03 05:08:24'),(63,'a','2016-07-26 12:36:25','2016-07-26 12:48:15'),(64,'a','2016-07-27 03:29:15','2016-07-27 03:29:15'),(65,'あいう','2016-07-27 03:30:19','2016-07-27 03:30:19'),(66,'a','2016-07-27 03:34:38','2016-07-27 03:36:28'),(67,'HI','2016-07-29 12:05:12','2016-08-02 08:44:58'),(68,'あ','2016-07-30 03:04:42','2016-07-30 03:04:42'),(69,'今日ワーーーー','2016-08-01 13:12:39','2016-08-01 13:12:39'),(70,'おはよう','2016-08-01 13:17:27','2016-08-01 13:17:27'),(71,'hi','2016-08-01 13:20:24','2016-08-01 13:20:24'),(72,'aaa','2016-08-01 13:29:54','2016-08-01 13:29:54'),(73,'料金について','2016-08-03 12:03:23','2016-08-03 12:03:23');
/*!40000 ALTER TABLE `mailboxer_conversations` ENABLE KEYS */;
UNLOCK TABLES;

--
-- Table structure for table `mailboxer_notifications`
--

DROP TABLE IF EXISTS `mailboxer_notifications`;
/*!40101 SET @saved_cs_client     = @@character_set_client */;
/*!40101 SET character_set_client = utf8 */;
CREATE TABLE `mailboxer_notifications` (
  `id` int(11) NOT NULL AUTO_INCREMENT,
  `type` varchar(255) COLLATE utf8_unicode_ci DEFAULT NULL,
  `body` text COLLATE utf8_unicode_ci,
  `subject` varchar(255) COLLATE utf8_unicode_ci DEFAULT '',
  `sender_id` int(11) DEFAULT NULL,
  `sender_type` varchar(255) COLLATE utf8_unicode_ci DEFAULT NULL,
  `conversation_id` int(11) DEFAULT NULL,
  `draft` tinyint(1) DEFAULT '0',
  `notification_code` varchar(255) COLLATE utf8_unicode_ci DEFAULT NULL,
  `notified_object_id` int(11) DEFAULT NULL,
  `notified_object_type` varchar(255) COLLATE utf8_unicode_ci DEFAULT NULL,
  `attachment` varchar(255) COLLATE utf8_unicode_ci DEFAULT NULL,
  `updated_at` datetime NOT NULL,
  `created_at` datetime NOT NULL,
  `global` tinyint(1) DEFAULT '0',
  `expires` datetime DEFAULT NULL,
  PRIMARY KEY (`id`),
  KEY `index_mailboxer_notifications_on_conversation_id` (`conversation_id`),
  KEY `index_mailboxer_notifications_on_type` (`type`),
  KEY `index_mailboxer_notifications_on_sender_id_and_sender_type` (`sender_id`,`sender_type`),
  KEY `index_mailboxer_notifications_on_notified_object_id_and_type` (`notified_object_id`,`notified_object_type`),
  CONSTRAINT `notifications_on_conversation_id` FOREIGN KEY (`conversation_id`) REFERENCES `mailboxer_conversations` (`id`)
) ENGINE=InnoDB AUTO_INCREMENT=90 DEFAULT CHARSET=utf8 COLLATE=utf8_unicode_ci;
/*!40101 SET character_set_client = @saved_cs_client */;

--
-- Dumping data for table `mailboxer_notifications`
--

LOCK TABLES `mailboxer_notifications` WRITE;
/*!40000 ALTER TABLE `mailboxer_notifications` DISABLE KEYS */;
INSERT INTO `mailboxer_notifications` VALUES (15,'Mailboxer::Message','あ','あ',32,'User',13,0,NULL,NULL,NULL,NULL,'2016-05-03 05:22:21','2016-05-03 05:22:21',0,NULL),(16,'Mailboxer::Message','くろこ','こんにちわ',32,'User',14,0,NULL,NULL,NULL,NULL,'2016-05-03 05:41:43','2016-05-03 05:41:43',0,NULL),(27,'Mailboxer::Message','はろ','もりかわっっっです',32,'User',25,0,NULL,NULL,NULL,NULL,'2016-05-06 08:39:13','2016-05-06 08:39:13',0,NULL),(28,'Mailboxer::Message','s','はろ',32,'User',26,0,NULL,NULL,NULL,NULL,'2016-05-06 10:01:41','2016-05-06 10:01:41',0,NULL),(29,'Mailboxer::Message','emi','morikawa',32,'User',27,0,NULL,NULL,NULL,NULL,'2016-05-06 11:04:22','2016-05-06 11:04:22',0,NULL),(30,'Mailboxer::Message','ああああああああああああああああああああああああああ','morikawa',32,'User',28,0,NULL,NULL,NULL,NULL,'2016-05-06 11:05:18','2016-05-06 11:05:18',0,NULL),(31,'Mailboxer::Message','ああああああああああああああああああああああああああ','morikawa',32,'User',29,0,NULL,NULL,NULL,NULL,'2016-05-06 11:11:36','2016-05-06 11:11:36',0,NULL),(32,'Mailboxer::Message','あ','もりかえあ',32,'User',30,0,NULL,NULL,NULL,NULL,'2016-05-06 11:12:43','2016-05-06 11:12:43',0,NULL),(33,'Mailboxer::Message','あ','もりかえあ',32,'User',31,0,NULL,NULL,NULL,NULL,'2016-05-06 11:13:44','2016-05-06 11:13:44',0,NULL),(34,'Mailboxer::Message','う','あ',32,'User',32,0,NULL,NULL,NULL,NULL,'2016-05-06 11:47:27','2016-05-06 11:47:27',0,NULL),(35,'Mailboxer::Message','し','いあう',32,'User',33,0,NULL,NULL,NULL,NULL,'2016-05-06 11:51:41','2016-05-06 11:51:41',0,NULL),(36,'Mailboxer::Message','あいう','あう',32,'User',34,0,NULL,NULL,NULL,NULL,'2016-05-06 11:52:46','2016-05-06 11:52:46',0,NULL),(37,'Mailboxer::Message','あいう','あう',32,'User',35,0,NULL,NULL,NULL,NULL,'2016-05-06 11:53:14','2016-05-06 11:53:14',0,NULL),(38,'Mailboxer::Message','あいう','えいえ',32,'User',36,0,NULL,NULL,NULL,NULL,'2016-05-06 11:53:34','2016-05-06 11:53:34',0,NULL),(39,'Mailboxer::Message','あ','あいう',32,'User',37,0,NULL,NULL,NULL,NULL,'2016-05-06 11:54:20','2016-05-06 11:54:20',0,NULL),(40,'Mailboxer::Message','あ','あいう',32,'User',38,0,NULL,NULL,NULL,NULL,'2016-05-06 11:55:09','2016-05-06 11:55:09',0,NULL),(41,'Mailboxer::Message','あ','あいう',32,'User',39,0,NULL,NULL,NULL,NULL,'2016-05-06 11:57:06','2016-05-06 11:57:06',0,NULL),(42,'Mailboxer::Message','あ','あ',32,'User',40,0,NULL,NULL,NULL,NULL,'2016-05-06 11:57:38','2016-05-06 11:57:38',0,NULL),(43,'Mailboxer::Message','あ','あ',32,'User',41,0,NULL,NULL,NULL,NULL,'2016-05-06 11:59:11','2016-05-06 11:59:11',0,NULL),(44,'Mailboxer::Message','あ','あ',32,'User',42,0,NULL,NULL,NULL,NULL,'2016-05-06 11:59:15','2016-05-06 11:59:15',0,NULL),(45,'Mailboxer::Message','あ','あ',32,'User',43,0,NULL,NULL,NULL,NULL,'2016-05-06 11:59:45','2016-05-06 11:59:45',0,NULL),(46,'Mailboxer::Message','し','あい',32,'User',44,0,NULL,NULL,NULL,NULL,'2016-05-06 12:03:26','2016-05-06 12:03:26',0,NULL),(47,'Mailboxer::Message','あ','あいう',32,'User',45,0,NULL,NULL,NULL,NULL,'2016-05-06 12:03:59','2016-05-06 12:03:59',0,NULL),(48,'Mailboxer::Message','あ','くろこ',32,'User',46,0,NULL,NULL,NULL,NULL,'2016-05-06 12:08:21','2016-05-06 12:08:21',0,NULL),(49,'Mailboxer::Message','あ','くろこ',32,'User',47,0,NULL,NULL,NULL,NULL,'2016-05-06 12:10:32','2016-05-06 12:10:32',0,NULL),(50,'Mailboxer::Message','あ','くろこ',32,'User',48,0,NULL,NULL,NULL,NULL,'2016-05-06 12:10:36','2016-05-06 12:10:36',0,NULL),(51,'Mailboxer::Message','あ','あいあ',32,'User',49,0,NULL,NULL,NULL,NULL,'2016-05-06 12:23:36','2016-05-06 12:23:36',0,NULL),(52,'Mailboxer::Message','こんにちえあ','あいあ',32,'User',49,0,NULL,NULL,NULL,NULL,'2016-05-09 10:45:55','2016-05-09 10:45:55',0,NULL),(53,'Mailboxer::Message','もりかわ','もりかわ',32,'User',50,0,NULL,NULL,NULL,NULL,'2016-05-10 08:02:23','2016-05-10 08:02:23',0,NULL),(54,'Mailboxer::Message','あいう','あう',32,'User',51,0,NULL,NULL,NULL,NULL,'2016-05-10 08:03:00','2016-05-10 08:03:00',0,NULL),(55,'Mailboxer::Message','あいう','あいう',32,'User',52,0,NULL,NULL,NULL,NULL,'2016-05-10 08:04:17','2016-05-10 08:04:17',0,NULL),(56,'Mailboxer::Message','あいう','あいう',32,'User',53,0,NULL,NULL,NULL,NULL,'2016-05-10 08:04:42','2016-05-10 08:04:42',0,NULL),(57,'Mailboxer::Message','あう','あう',32,'User',54,0,NULL,NULL,NULL,NULL,'2016-05-10 08:06:08','2016-05-10 08:06:08',0,NULL),(58,'Mailboxer::Message','あう','あう',32,'User',55,0,NULL,NULL,NULL,NULL,'2016-05-10 08:06:10','2016-05-10 08:06:10',0,NULL),(59,'Mailboxer::Message','あ','あいうあ',37,'User',56,0,NULL,NULL,NULL,NULL,'2016-05-11 09:50:36','2016-05-11 09:50:36',0,NULL),(60,'Mailboxer::Message','a','a',37,'User',57,0,NULL,NULL,NULL,NULL,'2016-05-12 03:48:50','2016-05-12 03:48:50',0,NULL),(61,'Mailboxer::Message','haro\r\n','てすと',43,'User',58,0,NULL,NULL,NULL,NULL,'2016-05-13 10:32:57','2016-05-13 10:32:57',0,NULL),(62,'Mailboxer::Message','おーい！','おーい！',42,'User',59,0,NULL,NULL,NULL,NULL,'2016-05-13 15:07:49','2016-05-13 15:07:49',0,NULL),(63,'Mailboxer::Message','yahoooo','おーい！',42,'User',59,0,NULL,NULL,NULL,NULL,'2016-05-13 15:08:16','2016-05-13 15:08:16',0,NULL),(64,'Mailboxer::Message','ffefe','おーい！',42,'User',59,0,NULL,NULL,NULL,NULL,'2016-05-13 15:08:35','2016-05-13 15:08:35',0,NULL),(65,'Mailboxer::Message','あ','あいう',45,'User',60,0,NULL,NULL,NULL,NULL,'2016-05-15 05:21:15','2016-05-15 05:21:15',0,NULL),(66,'Mailboxer::Message','あ','あいう',63,'User',61,0,NULL,NULL,NULL,NULL,'2016-05-28 04:04:39','2016-05-28 04:04:39',0,NULL),(67,'Mailboxer::Message','サービス依頼したいです','こんにちわ！',64,'User',62,0,NULL,NULL,NULL,NULL,'2016-07-26 12:21:50','2016-07-26 12:21:50',0,NULL),(68,'Mailboxer::Message','こんにちは！','こんにちわ！',28,'Provider',62,0,NULL,NULL,NULL,NULL,'2016-07-26 12:23:08','2016-07-26 12:23:08',0,NULL),(69,'Mailboxer::Message','hello','こんにちわ！',64,'User',62,0,NULL,NULL,NULL,NULL,'2016-07-26 12:24:16','2016-07-26 12:24:16',0,NULL),(70,'Mailboxer::Message','あ','こんにちわ！',27,'Provider',62,0,NULL,NULL,NULL,NULL,'2016-07-26 12:25:54','2016-07-26 12:25:54',0,NULL),(71,'Mailboxer::Message','ぐるちゃになっててわろたww','こんにちわ！',64,'User',62,0,NULL,NULL,NULL,NULL,'2016-07-26 12:30:23','2016-07-26 12:30:23',0,NULL),(72,'Mailboxer::Message','a','a',64,'User',63,0,NULL,NULL,NULL,NULL,'2016-07-26 12:36:25','2016-07-26 12:36:25',0,NULL),(73,'Mailboxer::Message','こんにちわ！恵美です！','a',27,'Provider',63,0,NULL,NULL,NULL,NULL,'2016-07-26 12:48:15','2016-07-26 12:48:15',0,NULL),(74,'Mailboxer::Message','こんにちわ！森川です！','こんにちわ！',27,'Provider',62,0,NULL,NULL,NULL,NULL,'2016-07-26 12:48:30','2016-07-26 12:48:30',0,NULL),(75,'Mailboxer::Message','a','a',64,'User',64,0,NULL,NULL,NULL,NULL,'2016-07-27 03:29:15','2016-07-27 03:29:15',0,NULL),(76,'Mailboxer::Message','aiu\r\n','あいう',64,'User',65,0,NULL,NULL,NULL,NULL,'2016-07-27 03:30:19','2016-07-27 03:30:19',0,NULL),(77,'Mailboxer::Message','a','a',64,'User',66,0,NULL,NULL,NULL,NULL,'2016-07-27 03:34:38','2016-07-27 03:34:38',0,NULL),(78,'Mailboxer::Message','hello!','a',27,'Provider',66,0,NULL,NULL,NULL,NULL,'2016-07-27 03:35:32','2016-07-27 03:35:32',0,NULL),(79,'Mailboxer::Message','hello\r\n','a',64,'User',66,0,NULL,NULL,NULL,NULL,'2016-07-27 03:36:28','2016-07-27 03:36:28',0,NULL),(80,'Mailboxer::Message','HIHIHI','HI',64,'User',67,0,NULL,NULL,NULL,NULL,'2016-07-29 12:05:12','2016-07-29 12:05:12',0,NULL),(81,'Mailboxer::Message','あ','あ',64,'User',68,0,NULL,NULL,NULL,NULL,'2016-07-30 03:04:42','2016-07-30 03:04:42',0,NULL),(82,'Mailboxer::Message','今日ワーーーー','今日ワーーーー',64,'User',69,0,NULL,NULL,NULL,NULL,'2016-08-01 13:12:39','2016-08-01 13:12:39',0,NULL),(83,'Mailboxer::Message','おはよう','おはよう',64,'User',70,0,NULL,NULL,NULL,NULL,'2016-08-01 13:17:27','2016-08-01 13:17:27',0,NULL),(84,'Mailboxer::Message','a','HI',27,'Provider',67,0,NULL,NULL,NULL,NULL,'2016-08-01 13:20:10','2016-08-01 13:20:10',0,NULL),(85,'Mailboxer::Message','hi','hi',64,'User',71,0,NULL,NULL,NULL,NULL,'2016-08-01 13:20:24','2016-08-01 13:20:24',0,NULL),(86,'Mailboxer::Message','aa','aaa',64,'User',72,0,NULL,NULL,NULL,NULL,'2016-08-01 13:29:54','2016-08-01 13:29:54',0,NULL),(87,'Mailboxer::Message','a','HI',64,'User',67,0,NULL,NULL,NULL,NULL,'2016-08-02 08:44:58','2016-08-02 08:44:58',0,NULL),(88,'Mailboxer::Message','a','こんにちわ！',64,'User',62,0,NULL,NULL,NULL,NULL,'2016-08-03 05:08:24','2016-08-03 05:08:24',0,NULL),(89,'Mailboxer::Message','もっと安くなりませんか','料金について',64,'User',73,0,NULL,NULL,NULL,NULL,'2016-08-03 12:03:23','2016-08-03 12:03:23',0,NULL);
/*!40000 ALTER TABLE `mailboxer_notifications` ENABLE KEYS */;
UNLOCK TABLES;

--
-- Table structure for table `mailboxer_receipts`
--

DROP TABLE IF EXISTS `mailboxer_receipts`;
/*!40101 SET @saved_cs_client     = @@character_set_client */;
/*!40101 SET character_set_client = utf8 */;
CREATE TABLE `mailboxer_receipts` (
  `id` int(11) NOT NULL AUTO_INCREMENT,
  `receiver_id` int(11) DEFAULT NULL,
  `receiver_type` varchar(255) COLLATE utf8_unicode_ci DEFAULT NULL,
  `notification_id` int(11) NOT NULL,
  `is_read` tinyint(1) DEFAULT '0',
  `trashed` tinyint(1) DEFAULT '0',
  `deleted` tinyint(1) DEFAULT '0',
  `mailbox_type` varchar(25) COLLATE utf8_unicode_ci DEFAULT NULL,
  `created_at` datetime NOT NULL,
  `updated_at` datetime NOT NULL,
  PRIMARY KEY (`id`),
  KEY `index_mailboxer_receipts_on_notification_id` (`notification_id`),
  KEY `index_mailboxer_receipts_on_receiver_id_and_receiver_type` (`receiver_id`,`receiver_type`),
  CONSTRAINT `receipts_on_notification_id` FOREIGN KEY (`notification_id`) REFERENCES `mailboxer_notifications` (`id`)
) ENGINE=InnoDB AUTO_INCREMENT=173 DEFAULT CHARSET=utf8 COLLATE=utf8_unicode_ci;
/*!40101 SET character_set_client = @saved_cs_client */;

--
-- Dumping data for table `mailboxer_receipts`
--

LOCK TABLES `mailboxer_receipts` WRITE;
/*!40000 ALTER TABLE `mailboxer_receipts` DISABLE KEYS */;
INSERT INTO `mailboxer_receipts` VALUES (94,31,'User',49,0,0,0,'inbox','2016-05-06 12:10:32','2016-05-06 12:10:32'),(95,32,'User',49,1,0,0,'sentbox','2016-05-06 12:10:32','2016-05-06 12:10:32'),(96,31,'User',50,0,0,0,'inbox','2016-05-06 12:10:36','2016-05-06 12:10:36'),(97,32,'User',50,1,0,0,'sentbox','2016-05-06 12:10:36','2016-05-06 12:10:36'),(98,32,'User',51,1,1,0,'inbox','2016-05-06 12:23:36','2016-05-06 12:23:36'),(99,32,'User',51,1,1,0,'sentbox','2016-05-06 12:23:36','2016-05-06 12:23:36'),(100,32,'User',52,1,1,0,'sentbox','2016-05-09 10:45:56','2016-05-09 10:45:56'),(101,33,'User',53,0,0,0,'inbox','2016-05-10 08:02:23','2016-05-10 08:02:23'),(102,32,'User',53,1,0,0,'sentbox','2016-05-10 08:02:23','2016-05-10 08:02:23'),(103,35,'User',54,0,0,0,'inbox','2016-05-10 08:03:00','2016-05-10 08:03:00'),(104,32,'User',54,1,0,0,'sentbox','2016-05-10 08:03:00','2016-05-10 08:03:00'),(105,31,'User',55,0,0,0,'inbox','2016-05-10 08:04:17','2016-05-10 08:04:17'),(106,32,'User',55,1,0,0,'sentbox','2016-05-10 08:04:17','2016-05-10 08:04:17'),(107,30,'User',56,0,0,0,'inbox','2016-05-10 08:04:42','2016-05-10 08:04:42'),(108,32,'User',56,1,0,0,'sentbox','2016-05-10 08:04:42','2016-05-10 08:04:42'),(109,29,'User',57,0,0,0,'inbox','2016-05-10 08:06:08','2016-05-10 08:06:08'),(110,32,'User',57,1,0,0,'sentbox','2016-05-10 08:06:08','2016-05-10 08:06:08'),(111,29,'User',58,0,0,0,'inbox','2016-05-10 08:06:10','2016-05-10 08:06:10'),(112,32,'User',58,1,0,0,'sentbox','2016-05-10 08:06:10','2016-05-10 08:06:10'),(113,37,'User',59,1,0,0,'sentbox','2016-05-11 09:50:36','2016-05-11 09:50:36'),(114,37,'User',60,1,0,0,'inbox','2016-05-12 03:48:50','2016-05-12 03:48:50'),(115,37,'User',60,1,0,0,'sentbox','2016-05-12 03:48:50','2016-05-12 03:48:50'),(116,42,'User',61,1,0,0,'inbox','2016-05-13 10:32:57','2016-05-13 10:32:57'),(117,43,'User',61,1,0,0,'sentbox','2016-05-13 10:32:57','2016-05-13 10:32:57'),(118,42,'User',62,1,0,0,'inbox','2016-05-13 15:07:50','2016-05-13 15:07:50'),(119,42,'User',62,1,0,0,'sentbox','2016-05-13 15:07:50','2016-05-13 15:07:50'),(120,42,'User',63,1,0,0,'sentbox','2016-05-13 15:08:16','2016-05-13 15:08:16'),(121,42,'User',64,1,0,0,'sentbox','2016-05-13 15:08:35','2016-05-13 15:08:35'),(122,45,'User',65,1,0,0,'inbox','2016-05-15 05:21:16','2016-05-15 05:21:16'),(123,45,'User',65,1,0,0,'sentbox','2016-05-15 05:21:16','2016-05-15 05:21:16'),(124,63,'User',66,1,0,0,'inbox','2016-05-28 04:04:39','2016-05-28 04:04:39'),(125,63,'User',66,1,0,0,'sentbox','2016-05-28 04:04:39','2016-05-28 04:04:39'),(126,28,'Provider',67,1,0,0,'inbox','2016-07-26 12:21:51','2016-07-26 12:21:51'),(127,64,'User',67,1,0,0,'sentbox','2016-07-26 12:21:51','2016-07-26 12:21:51'),(128,64,'User',68,1,0,0,'inbox','2016-07-26 12:23:08','2016-07-26 12:23:08'),(129,28,'Provider',68,1,0,0,'sentbox','2016-07-26 12:23:08','2016-07-26 12:23:08'),(130,28,'Provider',69,1,0,0,'inbox','2016-07-26 12:24:16','2016-07-26 12:24:16'),(131,64,'User',69,1,0,0,'sentbox','2016-07-26 12:24:16','2016-07-26 12:24:16'),(132,28,'Provider',70,1,0,0,'inbox','2016-07-26 12:25:54','2016-07-26 12:25:54'),(133,64,'User',70,1,0,0,'inbox','2016-07-26 12:25:54','2016-07-26 12:25:54'),(134,27,'Provider',70,1,0,0,'sentbox','2016-07-26 12:25:54','2016-07-26 12:25:54'),(135,28,'Provider',71,1,0,0,'inbox','2016-07-26 12:30:23','2016-07-26 12:30:23'),(136,27,'Provider',71,1,0,0,'inbox','2016-07-26 12:30:23','2016-07-26 12:30:23'),(137,64,'User',71,1,0,0,'sentbox','2016-07-26 12:30:23','2016-07-26 12:30:23'),(138,27,'Provider',72,1,0,0,'inbox','2016-07-26 12:36:25','2016-07-26 12:36:25'),(139,64,'User',72,1,0,0,'sentbox','2016-07-26 12:36:25','2016-07-26 12:36:25'),(140,64,'User',73,1,0,0,'inbox','2016-07-26 12:48:15','2016-07-26 12:48:15'),(141,27,'Provider',73,1,0,0,'sentbox','2016-07-26 12:48:15','2016-07-26 12:48:15'),(142,28,'Provider',74,0,0,0,'inbox','2016-07-26 12:48:30','2016-07-26 12:48:30'),(143,64,'User',74,1,0,0,'inbox','2016-07-26 12:48:30','2016-07-26 12:48:30'),(144,27,'Provider',74,1,0,0,'sentbox','2016-07-26 12:48:30','2016-07-26 12:48:30'),(145,27,'Provider',75,1,0,0,'inbox','2016-07-27 03:29:15','2016-07-27 03:29:15'),(146,64,'User',75,1,0,0,'sentbox','2016-07-27 03:29:15','2016-07-27 03:29:15'),(147,27,'Provider',76,1,0,0,'inbox','2016-07-27 03:30:19','2016-07-27 03:30:19'),(148,64,'User',76,1,0,0,'sentbox','2016-07-27 03:30:19','2016-07-27 03:30:19'),(149,27,'Provider',77,1,0,0,'inbox','2016-07-27 03:34:38','2016-07-27 03:34:38'),(150,64,'User',77,1,0,0,'sentbox','2016-07-27 03:34:38','2016-07-27 03:34:38'),(151,64,'User',78,1,0,0,'inbox','2016-07-27 03:35:32','2016-07-27 03:35:32'),(152,27,'Provider',78,1,0,0,'sentbox','2016-07-27 03:35:32','2016-07-27 03:35:32'),(153,27,'Provider',79,1,0,0,'inbox','2016-07-27 03:36:28','2016-07-27 03:36:28'),(154,64,'User',79,1,0,0,'sentbox','2016-07-27 03:36:28','2016-07-27 03:36:28'),(155,27,'Provider',80,1,0,0,'inbox','2016-07-29 12:05:13','2016-07-29 12:05:13'),(156,64,'User',80,1,0,0,'sentbox','2016-07-29 12:05:13','2016-07-29 12:05:13'),(157,28,'Provider',81,0,0,0,'inbox','2016-07-30 03:04:43','2016-07-30 03:04:43'),(158,64,'User',81,1,0,0,'sentbox','2016-07-30 03:04:43','2016-07-30 03:04:43'),(159,64,'User',82,1,0,0,'sentbox','2016-08-01 13:12:40','2016-08-01 13:12:40'),(160,64,'User',83,1,0,0,'sentbox','2016-08-01 13:17:27','2016-08-01 13:17:27'),(161,64,'User',84,1,0,0,'inbox','2016-08-01 13:20:10','2016-08-01 13:20:10'),(162,27,'Provider',84,1,0,0,'sentbox','2016-08-01 13:20:10','2016-08-01 13:20:10'),(163,64,'User',85,1,0,0,'sentbox','2016-08-01 13:20:24','2016-08-01 13:20:24'),(164,27,'Provider',86,1,0,0,'inbox','2016-08-01 13:29:54','2016-08-01 13:29:54'),(165,64,'User',86,1,0,0,'sentbox','2016-08-01 13:29:54','2016-08-01 13:29:54'),(166,27,'Provider',87,1,0,0,'inbox','2016-08-02 08:44:58','2016-08-02 08:44:58'),(167,64,'User',87,1,0,0,'sentbox','2016-08-02 08:44:58','2016-08-02 08:44:58'),(168,28,'Provider',88,0,0,0,'inbox','2016-08-03 05:08:24','2016-08-03 05:08:24'),(169,27,'Provider',88,1,0,0,'inbox','2016-08-03 05:08:24','2016-08-03 05:08:24'),(170,64,'User',88,1,0,0,'sentbox','2016-08-03 05:08:24','2016-08-03 05:08:24'),(171,27,'Provider',89,0,0,0,'inbox','2016-08-03 12:03:23','2016-08-03 12:03:23'),(172,64,'User',89,1,0,0,'sentbox','2016-08-03 12:03:23','2016-08-03 12:03:23');
/*!40000 ALTER TABLE `mailboxer_receipts` ENABLE KEYS */;
UNLOCK TABLES;

--
-- Table structure for table `notes`
--

DROP TABLE IF EXISTS `notes`;
/*!40101 SET @saved_cs_client     = @@character_set_client */;
/*!40101 SET character_set_client = utf8 */;
CREATE TABLE `notes` (
  `id` int(11) NOT NULL AUTO_INCREMENT,
  `title` varchar(255) COLLATE utf8_unicode_ci DEFAULT NULL,
  `content` text COLLATE utf8_unicode_ci,
  `created_at` datetime NOT NULL,
  `updated_at` datetime NOT NULL,
  `price` varchar(255) COLLATE utf8_unicode_ci DEFAULT NULL,
  `category` varchar(255) COLLATE utf8_unicode_ci DEFAULT NULL,
  `rule` text COLLATE utf8_unicode_ci,
  `user_id` varchar(255) COLLATE utf8_unicode_ci DEFAULT NULL,
  `provider_id` varchar(255) COLLATE utf8_unicode_ci DEFAULT NULL,
  `category_id` int(11) DEFAULT NULL,
  `service_image1` text COLLATE utf8_unicode_ci,
  `service_image2` text COLLATE utf8_unicode_ci,
  `service_image3` text COLLATE utf8_unicode_ci,
  `catchcopy` varchar(255) COLLATE utf8_unicode_ci DEFAULT NULL,
  `salespoint` varchar(255) COLLATE utf8_unicode_ci DEFAULT NULL,
  `cancelrule` varchar(255) COLLATE utf8_unicode_ci DEFAULT NULL,
  PRIMARY KEY (`id`)
) ENGINE=InnoDB AUTO_INCREMENT=36 DEFAULT CHARSET=utf8 COLLATE=utf8_unicode_ci;
/*!40101 SET character_set_client = @saved_cs_client */;

--
-- Dumping data for table `notes`
--

LOCK TABLES `notes` WRITE;
/*!40000 ALTER TABLE `notes` DISABLE KEYS */;
INSERT INTO `notes` VALUES (26,'ワックス込！汚れ具合の追加料金一切不要ハウスクリーニング','＜主な作業工程＞\r\n汚れによる追加料金は一切不要！\r\n■キッチン（お魚グリルを含む） / 換気扇 / レンジフード（分解洗浄） /排水溝 \r\n■お風呂　浴槽清掃（エプロン清掃含む、一部対応外あり）　壁面清掃　床清掃　天井清掃 /\r\n■トイレ　便器清掃　ウオッシュレット分解洗浄（一体型など分解不可のモノは除く）ペー　パーホルダー清掃　備え付け収納清掃　タンク外回り清掃　照明清掃　配線埃除去/ \r\n■洗面所 / 脱衣所床清掃　蛇口等メッキ部分磨き　鏡面　各収納清掃　洗面台清掃　換気扇清掃　照明清掃　洗濯板清掃(排水口含む)\r\n■窓、サッシ \r\n■ 玄関 　下駄箱　玄関ドア　/ 一軒家とマンションタイプと同一料金 　\r\n■廊下と階段\r\n\r\n＜作業内容に関する注意事項＞\r\n・取り外しができない、異音、動作確認が取れない、故障しているなど、その他トラブルがございます場合は作業を承れないことがございます。\r\n・クリーニングの作業を行う際に、専用の道具・洗剤を使用させていただきますが、設備の劣化などで塗装がはがれてしまう場合がございます。\r\n・研磨作業が必要なクリーニング作業の場合、設備に細かな傷がついてしまう事がございます。\r\n・変質や染色などの重度の汚れは、クリーニングでは完全に落とすことができない場合がございますのであらかじめご了承ください。\r\n・設備全般において、10年以上経過している機器については保障出来かねることがございます。\r\n\r\n\r\n＜対応地域のご確認をお願いいたします＞\r\n■兵庫県\r\n神戸市兵庫区 / 神戸市中央区 / 神戸市灘区 / 神戸市長田区 / 神戸市北区 / 神戸市東灘区 / 尼崎市 / 芦屋市 / 西宮市 /\r\n\r\n■大阪府\r\n四條畷市 / 河内長野市 / 三島郡島本町 / 箕面市 / 茨木市 / 岸和田市 / 高槻市 / 泉南郡田尻町 / 泉南郡岬町 / 泉南郡熊取町 / 交野市 / 南河内郡太子町 / 南河内郡河南町 / 南河内郡千早赤阪村 / 守口市 / 堺市西区 / 堺市堺区 / 堺市中区 / 堺市北区 / 堺市美原区 / 堺市東区 / 堺市南区 / 貝塚市 / 吹田市 / 羽曳野市 / 豊能郡能勢町 / 豊能郡豊能町 / 泉大津市 / 門真市 / 東大阪市 / 摂津市 / 富田林市 / 泉南市 / 大東市 / 大阪市北区 / 大阪市西淀川区 / 大阪市福島区 / 大阪市西成区 / 大阪市東淀川区 / 大阪市天王寺区 / 大阪市港区 / 大阪市淀川区 / 大阪市浪速区 / 大阪市平野区 / 大阪市阿倍野区 / 大阪市東住吉区 / 大阪市生野区 / 大阪市鶴見区 / 大阪市旭区 / 大阪市住之江区 / 大阪市住吉区 / 大阪市城東区 / 大阪市中央区 / 大阪市大正区 / 大阪市東成区 / 大阪市此花区 / 大阪市西区 / 大阪市都島区 / 阪南市 / 大阪狭山市 / 和泉市 / 池田市 / 八尾市 / 寝屋川市 / 枚方市 / 泉佐野市 / 松原市 / 泉北郡忠岡町 / 高石市 / 豊中市 / 柏原市 / 藤井寺市 /\r\n\r\n予約日時を入力する\r\n','2016-07-25 10:00:04','2016-08-04 11:02:06','8000',NULL,'・電気、水道、ガスをお借りします。 \r\n・作業前にお掃除箇所のご確認をさせていただきます。 \r\n・清掃箇所の荷物は事前に移動をお願いいたします。 \r\n・お掃除に入る前、終了後には必ずお立会いをお願いいたします。 \r\n・事前にうかがった間取りや部屋の大きさと著しく異なる場合は、追加料金が生じる可能性があります。\r\n　その場合は、作業実施前にお伝えいたします。\r\n■作業中、駐車スペースがない場合は、付近の有料パーキングの料金を実費にてお支払ください。\r\n\r\n',NULL,'27',1,'20160804200206.jpg',NULL,NULL,'安心の保険加入済！ 大阪・奈良・京都・兵庫多数対応地域！','こんにちはバリウスワークの西野です。弊社は何よりもお客様より頂く【ありがとう】の言葉を大事に真心込めてお掃除させて頂きます！遺品整理士免許取得のスタッフ在籍の為、現状回復にも自信があります！','予約成立後の変更・キャンセルは、作業の6日前まで承ります。\r\n期限を過ぎてのキャンセルは、5日前から2日前までは予約金額の25%、前日までは50%、それ以降は100%のキャンセル料が発生することがございますので、ご了承ください。'),(27,'８/14～予約OK☆２台で12000円☆エコ洗剤使用☆損保加入','＜予約可能日＞\r\n7/31→× 8/1→× 8/2→×\r\n8/3→× 8/4→× 8/5→×\r\n8/6→× 8/7→× 8/8→×\r\n8/9→× 8/10→× 8/11→×\r\n8/12→× 8/13→× 8/14→午後○\r\n8/15→午後○ 8/16→午後○ 8/17→午後○\r\n8/18→○ 8/19→午前○ 8/20→○\r\n8/21→○ 8/22→午前○ 8/23→○\r\n\r\n\r\n＜対応地域＞\r\n茨城県\r\n下妻市 / 取手市 / 坂東市 / 土浦市 / 常総市 / 守谷市 / 北相馬郡利根町 / つくば市 / 稲敷郡阿見町 / 稲敷郡河内町 / 稲敷郡美浦村 / 牛久市 / 龍ケ崎市 / つくばみらい市\r\n\r\n千葉県\r\n野田市 / 柏市 / 我孫子市 / 印西市 / 松戸市 / 白井市/流山市\r\n\r\n○→予約可能予定日\r\n×→予約不可日\r\n※エリア、台数により受けられない場合が御座いますのでご了承下さい。\r\n\r\n＜サービス内容＞\r\n■壁掛け型エアコンクリーニング\r\n■汚れによる追加料金は一切かかりません。\r\n■対応地域であれば、出張費は無料です。\r\n■ご自宅に駐車スペースがない場合は、付近の有料パーキング代を実費でご負担ください。\r\n\r\n\r\n＜サービスの流れ＞\r\n1)作業の事前確認、エアコン動作確認\r\n2)エアコンカバーやフィルターなど取り外し、お風呂場での洗浄\r\n3)エアコンの周りを汚さないようにビニールで養生\r\n4)アルミフィンや吹き出し口などエアコン全体に洗剤を噴霧\r\n5)高圧洗浄機でエアコン内部を洗浄\r\n6)元に戻した後、お客様と事後確認、エアコン動作確認\r\n\r\n\r\n・クリーニングの作業を行う際に、専用の道具・洗剤を使用させていただきますが、設備の劣化などで塗装がはがれてしまう場合がございます。\r\n＜ご予約に関する注意事項＞\r\n・直前でのご予約には対応できません。最低3日以上の余裕をもって、ご予約ください。\r\n・ご予約の日時が、当社の営業時間内であることをご確認ください。\r\n・予約の日程候補は、なるべく日時をずらしてください。\r\n・予約が集中し、ご希望の日時に伺えない場合がございます。その場合は、[メッセージ]にて改めて日時をお伺いします。\r\n\r\n\r\n＜作業内容に関する注意事項＞\r\n・取り外しができない、異音、動作確認が取れない、故障しているなど、その他トラブルがございます場合は作業を承れないことがございます。\r\n場合がございます。\r\n・型番により対応出来ない物が御座いますので予めご了承下さい。\r\n・研磨作業が必要なクリーニング作業の場合、設備に細かな傷がついてしまう事がございます。\r\n・変質や染色などの重度の汚れは、クリーニングでは完全に落とすことができない場合がございますのであらかじめご了承ください。\r\n・設備全般において、10年以上経過している機器については保障出来かねることがございます。\r\n・おそうじ機能付きのエアコン清掃の場合すべてを分解洗浄出来ない場合がございますのであらかじめご了承ください。\r\n\r\n予約日時を入力する\r\n','2016-08-01 08:55:34','2016-08-01 08:55:34','8000',NULL,' お客様へのお願い\r\n・おそうじ機能付きエアコンの場合は必ず事前にお知らせください。\r\n・カバーの洗い場としてお風呂またはベランダをお借りします。 \r\n・電気、水道をお借りします。 \r\n・エアコンの下は作業スペースになるため、荷物や家具がある場合は事前に移動をお願いいたします。\r\n・高所に設置してあるエアコンの場合は必ず事前にお伝え下さい。高さによっては作業出来ない場合があります。\r\n・',NULL,'27',1,'20160801175534.jpg',NULL,NULL,'【人や環境に優しいエコ洗剤を使用しています！】また、作業にはハウスクリーニング協会認定のハウスクリーニング士が伺います！','お客様に感謝の気持ちを込めて♪\r\n「１台6900円」「２台12000円」の特別価格にてご案内致します。\r\n当店はペットやお子様にも安心の天然植物エコ洗剤を使用しております！\r\n\r\nご不明な点がありましたらメッセージにてお問い合わせください♪♪',' 変更・キャンセルについて\r\n予約成立後の日程変更・キャンセルは、作業の6日前まで承ります。\r\n期限を過ぎての日程変更・キャンセルは、5日前から2日前までは予約金額の25%、前日までは50%、それ以降は100%のキャンセル料が発生することがございますので、ご了承ください。'),(28,'８/14～予約OK☆２台で12000円☆エコ洗剤使用☆損保加入','＜予約可能日＞\r\n7/31→× 8/1→× 8/2→×\r\n8/3→× 8/4→× 8/5→×\r\n8/6→× 8/7→× 8/8→×\r\n8/9→× 8/10→× 8/11→×\r\n8/12→× 8/13→× 8/14→午後○\r\n8/15→午後○ 8/16→午後○ 8/17→午後○\r\n8/18→○ 8/19→午前○ 8/20→○\r\n8/21→○ 8/22→午前○ 8/23→○\r\n\r\n\r\n＜対応地域＞\r\n茨城県\r\n下妻市 / 取手市 / 坂東市 / 土浦市 / 常総市 / 守谷市 / 北相馬郡利根町 / つくば市 / 稲敷郡阿見町 / 稲敷郡河内町 / 稲敷郡美浦村 / 牛久市 / 龍ケ崎市 / つくばみらい市\r\n\r\n千葉県\r\n野田市 / 柏市 / 我孫子市 / 印西市 / 松戸市 / 白井市/流山市\r\n\r\n○→予約可能予定日\r\n×→予約不可日\r\n※エリア、台数により受けられない場合が御座いますのでご了承下さい。\r\n\r\n＜サービス内容＞\r\n■壁掛け型エアコンクリーニング\r\n■汚れによる追加料金は一切かかりません。\r\n■対応地域であれば、出張費は無料です。\r\n■ご自宅に駐車スペースがない場合は、付近の有料パーキング代を実費でご負担ください。\r\n\r\n\r\n＜サービスの流れ＞\r\n1)作業の事前確認、エアコン動作確認\r\n2)エアコンカバーやフィルターなど取り外し、お風呂場での洗浄\r\n3)エアコンの周りを汚さないようにビニールで養生\r\n4)アルミフィンや吹き出し口などエアコン全体に洗剤を噴霧\r\n5)高圧洗浄機でエアコン内部を洗浄\r\n6)元に戻した後、お客様と事後確認、エアコン動作確認\r\n\r\n\r\n・クリーニングの作業を行う際に、専用の道具・洗剤を使用させていただきますが、設備の劣化などで塗装がはがれてしまう場合がございます。\r\n＜ご予約に関する注意事項＞\r\n・直前でのご予約には対応できません。最低3日以上の余裕をもって、ご予約ください。\r\n・ご予約の日時が、当社の営業時間内であることをご確認ください。\r\n・予約の日程候補は、なるべく日時をずらしてください。\r\n・予約が集中し、ご希望の日時に伺えない場合がございます。その場合は、[メッセージ]にて改めて日時をお伺いします。\r\n\r\n\r\n＜作業内容に関する注意事項＞\r\n・取り外しができない、異音、動作確認が取れない、故障しているなど、その他トラブルがございます場合は作業を承れないことがございます。\r\n場合がございます。\r\n・型番により対応出来ない物が御座いますので予めご了承下さい。\r\n・研磨作業が必要なクリーニング作業の場合、設備に細かな傷がついてしまう事がございます。\r\n・変質や染色などの重度の汚れは、クリーニングでは完全に落とすことができない場合がございますのであらかじめご了承ください。\r\n・設備全般において、10年以上経過している機器については保障出来かねることがございます。\r\n・おそうじ機能付きのエアコン清掃の場合すべてを分解洗浄出来ない場合がございますのであらかじめご了承ください。\r\n\r\n予約日時を入力する\r\n','2016-08-01 08:58:31','2016-08-04 11:02:28','8000',NULL,' お客様へのお願い\r\n・おそうじ機能付きエアコンの場合は必ず事前にお知らせください。\r\n・カバーの洗い場としてお風呂またはベランダをお借りします。 \r\n・電気、水道をお借りします。 \r\n・エアコンの下は作業スペースになるため、荷物や家具がある場合は事前に移動をお願いいたします。\r\n・高所に設置してあるエアコンの場合は必ず事前にお伝え下さい。高さによっては作業出来ない場合があります。\r\n・',NULL,'27',1,'20160804200228.jpg',NULL,NULL,'【人や環境に優しいエコ洗剤を使用しています！】また、作業にはハウスクリーニング協会認定のハウスクリーニング士が伺います！','お客様に感謝の気持ちを込めて♪「１台6900円」「２台12000円」の特別価格にてご案内致します。当店はペットやお子様にも安心の天然植物エコ洗剤を使用しております！ご不明な点がありましたらメッセージにてお問い合わせください♪♪',' 変更・キャンセルについて\r\n予約成立後の日程変更・キャンセルは、作業の6日前まで承ります。\r\n期限を過ぎての日程変更・キャンセルは、5日前から2日前までは予約金額の25%、前日までは50%、それ以降は100%のキャンセル料が発生することがございますので、ご了承ください。'),(29,'８/14～予約OK☆２台で12000円☆エコ洗剤使用☆損保加入','＜予約可能日＞\r\n7/31→× 8/1→× 8/2→×\r\n8/3→× 8/4→× 8/5→×\r\n8/6→× 8/7→× 8/8→×\r\n8/9→× 8/10→× 8/11→×\r\n8/12→× 8/13→× 8/14→午後○\r\n8/15→午後○ 8/16→午後○ 8/17→午後○\r\n8/18→○ 8/19→午前○ 8/20→○\r\n8/21→○ 8/22→午前○ 8/23→○\r\n\r\n\r\n＜対応地域＞\r\n茨城県\r\n下妻市 / 取手市 / 坂東市 / 土浦市 / 常総市 / 守谷市 / 北相馬郡利根町 / つくば市 / 稲敷郡阿見町 / 稲敷郡河内町 / 稲敷郡美浦村 / 牛久市 / 龍ケ崎市 / つくばみらい市\r\n\r\n千葉県\r\n野田市 / 柏市 / 我孫子市 / 印西市 / 松戸市 / 白井市/流山市\r\n\r\n○→予約可能予定日\r\n×→予約不可日\r\n※エリア、台数により受けられない場合が御座いますのでご了承下さい。\r\n\r\n＜サービス内容＞\r\n■壁掛け型エアコンクリーニング\r\n■汚れによる追加料金は一切かかりません。\r\n■対応地域であれば、出張費は無料です。\r\n■ご自宅に駐車スペースがない場合は、付近の有料パーキング代を実費でご負担ください。\r\n\r\n\r\n＜サービスの流れ＞\r\n1)作業の事前確認、エアコン動作確認\r\n2)エアコンカバーやフィルターなど取り外し、お風呂場での洗浄\r\n3)エアコンの周りを汚さないようにビニールで養生\r\n4)アルミフィンや吹き出し口などエアコン全体に洗剤を噴霧\r\n5)高圧洗浄機でエアコン内部を洗浄\r\n6)元に戻した後、お客様と事後確認、エアコン動作確認\r\n\r\n\r\n・クリーニングの作業を行う際に、専用の道具・洗剤を使用させていただきますが、設備の劣化などで塗装がはがれてしまう場合がございます。\r\n＜ご予約に関する注意事項＞\r\n・直前でのご予約には対応できません。最低3日以上の余裕をもって、ご予約ください。\r\n・ご予約の日時が、当社の営業時間内であることをご確認ください。\r\n・予約の日程候補は、なるべく日時をずらしてください。\r\n・予約が集中し、ご希望の日時に伺えない場合がございます。その場合は、[メッセージ]にて改めて日時をお伺いします。\r\n\r\n\r\n＜作業内容に関する注意事項＞\r\n・取り外しができない、異音、動作確認が取れない、故障しているなど、その他トラブルがございます場合は作業を承れないことがございます。\r\n場合がございます。\r\n・型番により対応出来ない物が御座いますので予めご了承下さい。\r\n・研磨作業が必要なクリーニング作業の場合、設備に細かな傷がついてしまう事がございます。\r\n・変質や染色などの重度の汚れは、クリーニングでは完全に落とすことができない場合がございますのであらかじめご了承ください。\r\n・設備全般において、10年以上経過している機器については保障出来かねることがございます。\r\n・おそうじ機能付きのエアコン清掃の場合すべてを分解洗浄出来ない場合がございますのであらかじめご了承ください。\r\n\r\n予約日時を入力する\r\n','2016-08-01 08:59:51','2016-08-01 08:59:51','8000',NULL,'・おそうじ機能付きエアコンの場合は必ず事前にお知らせください。\r\n・カバーの洗い場としてお風呂またはベランダをお借りします。 \r\n・電気、水道をお借りします。 \r\n・エアコンの下は作業スペースになるため、荷物や家具がある場合は事前に移動をお願いいたします。\r\n・高所に設置してあるエアコンの場合は必ず事前にお伝え下さい。高さによっては作業出来ない場合があります。\r\n・',NULL,'27',1,'20160801175951.jpg',NULL,NULL,'８/14～予約OK☆２台で12000円☆エコ洗剤使用☆損保加入','「１台6900円」「２台12000円」の特別価格にてご案内致します。\r\n当店はペットやお子様にも安心の天然植物エコ洗剤を使用しております！\r\n\r\nご不明な点がありましたらメッセージにてお問い合わせください♪♪\r\n\r\n','・おそうじ機能付きエアコンの場合は必ず事前にお知らせください。\r\n・カバーの洗い場としてお風呂またはベランダをお借りします。 \r\n・電気、水道をお借りします。 \r\n・エアコンの下は作業スペースになるため、荷物や家具がある場合は事前に移動をお願いいたします。\r\n・高所に設置してあるエアコンの場合は必ず事前にお伝え下さい。高さによっては作業出来ない場合があります。\r\n・'),(30,'８/14～予約OK☆２台で12000円☆エコ洗剤使用☆損保加入','＜予約可能日＞\r\n7/31→× 8/1→× 8/2→×\r\n8/3→× 8/4→× 8/5→×\r\n8/6→× 8/7→× 8/8→×\r\n8/9→× 8/10→× 8/11→×\r\n8/12→× 8/13→× 8/14→午後○\r\n8/15→午後○ 8/16→午後○ 8/17→午後○\r\n8/18→○ 8/19→午前○ 8/20→○\r\n8/21→○ 8/22→午前○ 8/23→○\r\n\r\n\r\n＜対応地域＞\r\n茨城県\r\n下妻市 / 取手市 / 坂東市 / 土浦市 / 常総市 / 守谷市 / 北相馬郡利根町 / つくば市 / 稲敷郡阿見町 / 稲敷郡河内町 / 稲敷郡美浦村 / 牛久市 / 龍ケ崎市 / つくばみらい市\r\n\r\n千葉県\r\n野田市 / 柏市 / 我孫子市 / 印西市 / 松戸市 / 白井市/流山市\r\n\r\n○→予約可能予定日\r\n×→予約不可日\r\n※エリア、台数により受けられない場合が御座いますのでご了承下さい。\r\n\r\n＜サービス内容＞\r\n■壁掛け型エアコンクリーニング\r\n■汚れによる追加料金は一切かかりません。\r\n■対応地域であれば、出張費は無料です。\r\n■ご自宅に駐車スペースがない場合は、付近の有料パーキング代を実費でご負担ください。\r\n\r\n\r\n＜サービスの流れ＞\r\n1)作業の事前確認、エアコン動作確認\r\n2)エアコンカバーやフィルターなど取り外し、お風呂場での洗浄\r\n3)エアコンの周りを汚さないようにビニールで養生\r\n4)アルミフィンや吹き出し口などエアコン全体に洗剤を噴霧\r\n5)高圧洗浄機でエアコン内部を洗浄\r\n6)元に戻した後、お客様と事後確認、エアコン動作確認\r\n\r\n\r\n・クリーニングの作業を行う際に、専用の道具・洗剤を使用させていただきますが、設備の劣化などで塗装がはがれてしまう場合がございます。\r\n＜ご予約に関する注意事項＞\r\n・直前でのご予約には対応できません。最低3日以上の余裕をもって、ご予約ください。\r\n・ご予約の日時が、当社の営業時間内であることをご確認ください。\r\n・予約の日程候補は、なるべく日時をずらしてください。\r\n・予約が集中し、ご希望の日時に伺えない場合がございます。その場合は、[メッセージ]にて改めて日時をお伺いします。\r\n\r\n\r\n＜作業内容に関する注意事項＞\r\n・取り外しができない、異音、動作確認が取れない、故障しているなど、その他トラブルがございます場合は作業を承れないことがございます。\r\n場合がございます。\r\n・型番により対応出来ない物が御座いますので予めご了承下さい。\r\n・研磨作業が必要なクリーニング作業の場合、設備に細かな傷がついてしまう事がございます。\r\n・変質や染色などの重度の汚れは、クリーニングでは完全に落とすことができない場合がございますのであらかじめご了承ください。\r\n・設備全般において、10年以上経過している機器については保障出来かねることがございます。\r\n・おそうじ機能付きのエアコン清掃の場合すべてを分解洗浄出来ない場合がございますのであらかじめご了承ください。\r\n\r\n予約日時を入力する\r\n','2016-08-01 09:07:56','2016-08-01 09:07:56','8000',NULL,'・おそうじ機能付きエアコンの場合は必ず事前にお知らせください。\r\n・カバーの洗い場としてお風呂またはベランダをお借りします。 \r\n・電気、水道をお借りします。 \r\n・エアコンの下は作業スペースになるため、荷物や家具がある場合は事前に移動をお願いいたします。\r\n・高所に設置してあるエアコンの場合は必ず事前にお伝え下さい。高さによっては作業出来ない場合があります。\r\n・',NULL,'27',1,'20160801180756.jpg',NULL,NULL,'８/14～予約OK☆２台で12000円☆エコ洗剤使用☆損保加入','「１台6900円」「２台12000円」の特別価格にてご案内致します。\r\n当店はペットやお子様にも安心の天然植物エコ洗剤を使用しております！\r\n\r\nご不明な点がありましたらメッセージにてお問い合わせください♪♪\r\n\r\n','・おそうじ機能付きエアコンの場合は必ず事前にお知らせください。\r\n・カバーの洗い場としてお風呂またはベランダをお借りします。 \r\n・電気、水道をお借りします。 \r\n・エアコンの下は作業スペースになるため、荷物や家具がある場合は事前に移動をお願いいたします。\r\n・高所に設置してあるエアコンの場合は必ず事前にお伝え下さい。高さによっては作業出来ない場合があります。\r\n・'),(31,'８/14～予約OK☆２台で12000円☆エコ洗剤使用☆損保加入','a','2016-08-01 09:08:18','2016-08-01 09:08:18','8000',NULL,'K☆２台で12000円☆エコ洗剤使用☆損保加入',NULL,'27',1,'20160801180818.jpg',NULL,NULL,'８/14～予約OK☆２台で12000円☆エコ洗剤使用☆損保加入','K☆２台で12000円☆エコ洗剤使用☆損保加入','a'),(32,'a','a','2016-08-01 09:18:26','2016-08-01 09:18:26','a',NULL,'a',NULL,'27',1,'20160801181826.jpg',NULL,NULL,'a','a','a'),(33,'a','a','2016-08-01 12:00:13','2016-08-01 12:00:13','a',NULL,'a',NULL,'27',1,'20160801210013.jpg',NULL,NULL,'a','a','a'),(34,'s','s','2016-08-01 12:52:13','2016-08-01 12:52:13','s',NULL,'s',NULL,'27',1,'20160801215213.jpg',NULL,NULL,'s','s','s'),(35,'a','a','2016-08-04 03:05:32','2016-08-04 03:05:32','a',NULL,'a',NULL,'27',1,'20160804120532.jpg',NULL,NULL,'a','a','a');
/*!40000 ALTER TABLE `notes` ENABLE KEYS */;
UNLOCK TABLES;

--
-- Table structure for table `providers`
--

DROP TABLE IF EXISTS `providers`;
/*!40101 SET @saved_cs_client     = @@character_set_client */;
/*!40101 SET character_set_client = utf8 */;
CREATE TABLE `providers` (
  `id` int(11) NOT NULL AUTO_INCREMENT,
  `email` varchar(255) COLLATE utf8_unicode_ci NOT NULL DEFAULT '',
  `encrypted_password` varchar(255) COLLATE utf8_unicode_ci NOT NULL DEFAULT '',
  `reset_password_token` varchar(255) COLLATE utf8_unicode_ci DEFAULT NULL,
  `reset_password_sent_at` datetime DEFAULT NULL,
  `remember_created_at` datetime DEFAULT NULL,
  `sign_in_count` int(11) NOT NULL DEFAULT '0',
  `current_sign_in_at` datetime DEFAULT NULL,
  `last_sign_in_at` datetime DEFAULT NULL,
  `current_sign_in_ip` varchar(255) COLLATE utf8_unicode_ci DEFAULT NULL,
  `last_sign_in_ip` varchar(255) COLLATE utf8_unicode_ci DEFAULT NULL,
  `created_at` datetime NOT NULL,
  `updated_at` datetime NOT NULL,
  `name` varchar(255) COLLATE utf8_unicode_ci DEFAULT NULL,
  `phonenumber` varchar(255) COLLATE utf8_unicode_ci DEFAULT NULL,
  `address` varchar(255) COLLATE utf8_unicode_ci DEFAULT NULL,
  `hours` varchar(255) COLLATE utf8_unicode_ci DEFAULT NULL,
  `holiday` varchar(255) COLLATE utf8_unicode_ci DEFAULT NULL,
  `payment` varchar(255) COLLATE utf8_unicode_ci DEFAULT NULL,
  `provider_pic` varchar(255) COLLATE utf8_unicode_ci DEFAULT NULL,
  `about` varchar(255) COLLATE utf8_unicode_ci DEFAULT NULL,
  `storename` varchar(255) COLLATE utf8_unicode_ci DEFAULT NULL,
  PRIMARY KEY (`id`),
  UNIQUE KEY `index_providers_on_email` (`email`),
  UNIQUE KEY `index_providers_on_reset_password_token` (`reset_password_token`)
) ENGINE=InnoDB AUTO_INCREMENT=31 DEFAULT CHARSET=utf8 COLLATE=utf8_unicode_ci;
/*!40101 SET character_set_client = @saved_cs_client */;

--
-- Dumping data for table `providers`
--

LOCK TABLES `providers` WRITE;
/*!40000 ALTER TABLE `providers` DISABLE KEYS */;
INSERT INTO `providers` VALUES (27,'emi.m0918@gmail.com','$2a$10$tkXkbdDiWdgHfDQvz5J/4O6tngVym.Hc9H4B36kiNu2..YjHEZCia','11e4e034f55e3e1dd0663d4860313494357e708ab980ba994b0704389cf16f03','2016-08-02 03:35:20',NULL,65,'2016-08-05 06:16:41','2016-08-05 05:53:36','153.205.167.12','153.205.167.12','2016-07-23 07:37:00','2016-08-05 06:16:56','Seekle','080-3037-2965','〒577-0006 大阪府 東大阪市 楠根2-2-31','8時～15時受付まで対応可 ','不定休','現金のみ','20160805151656.jpg','【遺品整理認定者にお任せください！】遺品整理・特殊清掃・不用品回収・\r\n生前整理・ゴミ屋敷・困ったときは弊社へお任せください！\r\n他にも生活にまつわるハウスクリーニング・キッチンクリーニング・エアコン清掃・\r\nレンジフードクリーニング\r\n実際に頂戴したたくさんの評価を見ていただけるとご満足頂ける事\r\n間違いなしです。\r\n\r\n',NULL),(28,'shota@stbooking.co','$2a$10$vtc1RPi225g6pdfBqn34ke6zw7ofmCj7hbcUK2M8QYrJufy1wSZTa',NULL,NULL,NULL,1,'2016-07-26 12:20:34','2016-07-26 12:20:34','153.205.167.12','153.205.167.12','2016-07-26 12:20:22','2016-07-26 12:22:40','森川照太','080-3834-2452','東京都渋谷区道玄坂2-10-12 新大宗ビル3号館5階531','10時〜17時','土曜日・日曜日・祝日','現金','20160726212240.jpg','あなたにあった仕事・家・留学先をご紹介します！',NULL),(29,'emi@gmail.com','$2a$10$vwhTnfXcFLEHZPOdy1M/H.1N.7mKP6X.0i4ekOTZrJYdJjeEw8.Ba',NULL,NULL,NULL,5,'2016-07-27 03:37:12','2016-07-27 03:36:43','153.205.167.12','153.205.167.12','2016-07-27 03:31:57','2016-07-28 04:09:27','恵美','8030','','','','','20160728130927.jpg','',NULL),(30,'emim0918@gmail.com','$2a$10$btqmOxn8cfHuZ4s0xg8EPe7oR94/9QY1jm9oueewuKbpVKBBbFVMS',NULL,NULL,NULL,1,'2016-07-28 05:49:10','2016-07-28 05:49:10','126.152.202.169','126.152.202.169','2016-07-28 05:49:06','2016-07-28 05:50:00','あ','あ',NULL,NULL,NULL,NULL,'20160728145000.jpg',NULL,NULL);
/*!40000 ALTER TABLE `providers` ENABLE KEYS */;
UNLOCK TABLES;

--
-- Table structure for table `reservations`
--

DROP TABLE IF EXISTS `reservations`;
/*!40101 SET @saved_cs_client     = @@character_set_client */;
/*!40101 SET character_set_client = utf8 */;
CREATE TABLE `reservations` (
  `id` int(11) NOT NULL AUTO_INCREMENT,
  `date` date DEFAULT NULL,
  `last_name` varchar(255) COLLATE utf8_unicode_ci DEFAULT NULL,
  `first_name` varchar(255) COLLATE utf8_unicode_ci DEFAULT NULL,
  `phone_number` varchar(255) COLLATE utf8_unicode_ci DEFAULT NULL,
  `created_at` datetime NOT NULL,
  `updated_at` datetime NOT NULL,
  `message` text COLLATE utf8_unicode_ci,
  `note_id` varchar(255) COLLATE utf8_unicode_ci DEFAULT NULL,
  `user_id` varchar(255) COLLATE utf8_unicode_ci DEFAULT NULL,
  `name` varchar(255) COLLATE utf8_unicode_ci DEFAULT NULL,
  PRIMARY KEY (`id`)
) ENGINE=InnoDB AUTO_INCREMENT=15 DEFAULT CHARSET=utf8 COLLATE=utf8_unicode_ci;
/*!40101 SET character_set_client = @saved_cs_client */;

--
-- Dumping data for table `reservations`
--

LOCK TABLES `reservations` WRITE;
/*!40000 ALTER TABLE `reservations` DISABLE KEYS */;
INSERT INTO `reservations` VALUES (4,'2016-07-24',NULL,NULL,'s','2016-07-24 07:10:46','2016-07-24 07:10:46','s','36','65','sss'),(5,'2016-07-25',NULL,NULL,'07987041333','2016-07-25 06:40:25','2016-07-25 06:40:25','お願いします','36','65','森川 恵美'),(6,'2016-07-25',NULL,NULL,'0803037288','2016-07-25 10:02:30','2016-07-25 10:02:30','お願いします','26','64','森川恵美'),(7,'2016-08-02',NULL,NULL,'0803932039','2016-08-02 05:29:06','2016-08-02 05:29:06','よろしくお願いします','26','64','森くぁ恵美'),(8,'2016-08-02',NULL,NULL,'08030374839','2016-08-02 05:31:23','2016-08-02 05:31:23','よろしくお願いします！','26','64','森川恵美'),(9,'2016-08-02',NULL,NULL,'0802938101','2016-08-02 06:29:54','2016-08-02 06:29:54','アイウエオ','26','64','森川 恵美'),(10,'2016-08-02',NULL,NULL,'aaaaaaa','2016-08-02 06:33:42','2016-08-02 06:33:42','a','26','64','a1a'),(11,'2016-08-02',NULL,NULL,'a','2016-08-02 06:34:50','2016-08-02 06:34:50','a','27','64','a'),(12,'2016-08-02',NULL,NULL,'080203938','2016-08-02 08:16:56','2016-08-02 08:16:56','アイウエオ！','26','64','森くぁ恵美'),(13,'2016-08-02',NULL,NULL,'302','2016-08-02 08:17:50','2016-08-02 08:17:50','a','26','64','森川恵美'),(14,'2016-08-04',NULL,NULL,'a','2016-08-04 06:10:24','2016-08-04 06:10:24','a','26','64','a');
/*!40000 ALTER TABLE `reservations` ENABLE KEYS */;
UNLOCK TABLES;

--
-- Table structure for table `reviews`
--

DROP TABLE IF EXISTS `reviews`;
/*!40101 SET @saved_cs_client     = @@character_set_client */;
/*!40101 SET character_set_client = utf8 */;
CREATE TABLE `reviews` (
  `id` int(11) NOT NULL AUTO_INCREMENT,
  `rating` int(11) DEFAULT NULL,
  `comment` text COLLATE utf8_unicode_ci,
  `created_at` datetime NOT NULL,
  `updated_at` datetime NOT NULL,
  `user_id` int(11) DEFAULT NULL,
  `note_id` int(11) DEFAULT NULL,
  PRIMARY KEY (`id`)
) ENGINE=InnoDB AUTO_INCREMENT=7 DEFAULT CHARSET=utf8 COLLATE=utf8_unicode_ci;
/*!40101 SET character_set_client = @saved_cs_client */;

--
-- Dumping data for table `reviews`
--

LOCK TABLES `reviews` WRITE;
/*!40000 ALTER TABLE `reviews` DISABLE KEYS */;
INSERT INTO `reviews` VALUES (1,5,'予約が５時を過ぎていたにもかかわらず、その日のうちにお電話頂きありがとうございました。当日も事前に来る時間を教えて頂きけたので有難かったです。','2016-07-22 10:34:49','2016-07-22 10:34:49',64,31),(2,5,'実際に来て見てもらわないと分からないことが多く、心配でしたが、当初の予算内で、作業時間も1時間程度でやってもらえました。追加料金についての説明もちゃんとしてもらい、納得した上でお支払いしました。何年も放置していたものを片付けてもらえて助かりました。運び出すのに人手も必要でしたが事前に電話で打ち合わせしていた予定通り２名来ていただきました。次回もありましたらお願いします。','2016-07-22 10:35:35','2016-07-22 10:35:35',64,31),(3,5,'よかった','2016-07-22 14:05:21','2016-07-22 14:05:21',64,32),(4,5,'近々に実家に同居予定で、不用品処理のため、まずはお試しと思い、基本料金の８０００円で申込みました。 当日、実際に基本料金でどれくらいの量を持って行ってもらえるか、確認。粗大ゴミとして出すのと、同等かやや割安、搬出作業は全てやって頂けるということを考慮すれば、まあお得かなぁ。 追加分をその場で交渉し、結局全て持って行ってもらいました。 最後にちょっと無理なお願いをしましたが、それも快く引き受けてもらい感謝しております。','2016-07-24 07:13:51','2016-07-24 07:13:51',65,36),(5,5,'引越しを控えてクーラーの取り外しと、不要品処理をお願いしましたが、来られた方の感じも良く、予定以外の不要品も快く引き受けてくださったので、とても助かりました。','2016-07-25 10:07:49','2016-07-25 10:07:49',64,26),(6,5,'換気扇がとても綺麗になりました。夫婦揃って喫煙者の為、ヤニなどの汚れと臭いに悩まされていました。とても綺麗にして頂けました。','2016-08-01 12:55:25','2016-08-01 12:55:25',64,26);
/*!40000 ALTER TABLE `reviews` ENABLE KEYS */;
UNLOCK TABLES;

--
-- Table structure for table `schema_migrations`
--

DROP TABLE IF EXISTS `schema_migrations`;
/*!40101 SET @saved_cs_client     = @@character_set_client */;
/*!40101 SET character_set_client = utf8 */;
CREATE TABLE `schema_migrations` (
  `version` varchar(255) COLLATE utf8_unicode_ci NOT NULL,
  UNIQUE KEY `unique_schema_migrations` (`version`)
) ENGINE=InnoDB DEFAULT CHARSET=utf8 COLLATE=utf8_unicode_ci;
/*!40101 SET character_set_client = @saved_cs_client */;

--
-- Dumping data for table `schema_migrations`
--

LOCK TABLES `schema_migrations` WRITE;
/*!40000 ALTER TABLE `schema_migrations` DISABLE KEYS */;
INSERT INTO `schema_migrations` VALUES ('20160325144550'),('20160326075232'),('20160412130617'),('20160414095309'),('20160414102014'),('20160414103127'),('20160414104353'),('20160414131556'),('20160414170824'),('20160415141245'),('20160415145709'),('20160419072139'),('20160419072349'),('20160421053931'),('20160428153619'),('20160428154824'),('20160428155959'),('20160428160355'),('20160428161816'),('20160501074233'),('20160501080630'),('20160501111434'),('20160501131355'),('20160501131356'),('20160501131357'),('20160517055522'),('20160517055917'),('20160517065710'),('20160521082610'),('20160716051245'),('20160716051331'),('20160716051429'),('20160718100227'),('20160721033818'),('20160722111907'),('20160722111919'),('20160722111931'),('20160722112501'),('20160722112752'),('20160722112856');
/*!40000 ALTER TABLE `schema_migrations` ENABLE KEYS */;
UNLOCK TABLES;

--
-- Table structure for table `service_providers`
--

DROP TABLE IF EXISTS `service_providers`;
/*!40101 SET @saved_cs_client     = @@character_set_client */;
/*!40101 SET character_set_client = utf8 */;
CREATE TABLE `service_providers` (
  `id` int(11) NOT NULL AUTO_INCREMENT,
  `created_at` datetime NOT NULL,
  `updated_at` datetime NOT NULL,
  PRIMARY KEY (`id`)
) ENGINE=InnoDB DEFAULT CHARSET=utf8 COLLATE=utf8_unicode_ci;
/*!40101 SET character_set_client = @saved_cs_client */;

--
-- Dumping data for table `service_providers`
--

LOCK TABLES `service_providers` WRITE;
/*!40000 ALTER TABLE `service_providers` DISABLE KEYS */;
/*!40000 ALTER TABLE `service_providers` ENABLE KEYS */;
UNLOCK TABLES;

--
-- Table structure for table `users`
--

DROP TABLE IF EXISTS `users`;
/*!40101 SET @saved_cs_client     = @@character_set_client */;
/*!40101 SET character_set_client = utf8 */;
CREATE TABLE `users` (
  `id` int(11) NOT NULL AUTO_INCREMENT,
  `email` varchar(255) COLLATE utf8_unicode_ci NOT NULL DEFAULT '',
  `encrypted_password` varchar(255) COLLATE utf8_unicode_ci NOT NULL DEFAULT '',
  `reset_password_token` varchar(255) COLLATE utf8_unicode_ci DEFAULT NULL,
  `reset_password_sent_at` datetime DEFAULT NULL,
  `remember_created_at` datetime DEFAULT NULL,
  `sign_in_count` int(11) NOT NULL DEFAULT '0',
  `current_sign_in_at` datetime DEFAULT NULL,
  `last_sign_in_at` datetime DEFAULT NULL,
  `current_sign_in_ip` varchar(255) COLLATE utf8_unicode_ci DEFAULT NULL,
  `last_sign_in_ip` varchar(255) COLLATE utf8_unicode_ci DEFAULT NULL,
  `created_at` datetime NOT NULL,
  `updated_at` datetime NOT NULL,
  `profile_pic` text COLLATE utf8_unicode_ci,
  `profile` text COLLATE utf8_unicode_ci,
  `area` varchar(255) COLLATE utf8_unicode_ci DEFAULT NULL,
  `name` varchar(255) COLLATE utf8_unicode_ci DEFAULT NULL,
  `uid` bigint(20) DEFAULT NULL,
  `provider` varchar(255) COLLATE utf8_unicode_ci DEFAULT NULL,
  `token` varchar(255) COLLATE utf8_unicode_ci DEFAULT NULL,
  PRIMARY KEY (`id`),
  UNIQUE KEY `index_users_on_email` (`email`),
  UNIQUE KEY `index_users_on_reset_password_token` (`reset_password_token`)
) ENGINE=InnoDB AUTO_INCREMENT=66 DEFAULT CHARSET=utf8 COLLATE=utf8_unicode_ci;
/*!40101 SET character_set_client = @saved_cs_client */;

--
-- Dumping data for table `users`
--

LOCK TABLES `users` WRITE;
/*!40000 ALTER TABLE `users` DISABLE KEYS */;
INSERT INTO `users` VALUES (60,'a@gmail.com','$2a$10$JfMInS1qcvl07k//stgjF.ABwrJKr3/FU1kp.ioCHvMTwPdKmb86y',NULL,NULL,NULL,3,'2016-05-21 14:19:48','2016-05-21 12:22:38','::1','::1','2016-05-21 12:15:15','2016-05-21 14:19:48',NULL,NULL,'岩手県','あ',NULL,NULL,NULL),(61,'b@gmail.com','$2a$10$tuciFHAjX9YK0x4KOQZBJOPWZM48Ks8qEkZUS.GTqrQGqTo3AhgIO',NULL,NULL,NULL,2,'2016-05-21 12:35:30','2016-05-21 12:18:24','::1','::1','2016-05-21 12:18:24','2016-05-21 12:35:30',NULL,NULL,'山形県','く',NULL,NULL,NULL),(62,'c@gmail.com','$2a$10$9qlQ1y3oogBUalcPyIz3ku49qrecjsfU4uJzOeI31ydHnYVMyEbkS',NULL,NULL,NULL,1,'2016-05-21 12:54:04','2016-05-21 12:54:04','::1','::1','2016-05-21 12:54:04','2016-05-21 12:54:04',NULL,NULL,'青森県','み',NULL,NULL,NULL),(63,'cew@gmail.com','$2a$10$A/O/DRndSd6dqN7x4Pt.h.Q/YBCieEmJeE.s/h51ytxzrcpQk1haa',NULL,NULL,NULL,2,'2016-05-21 14:21:13','2016-05-21 12:58:15','::1','::1','2016-05-21 12:58:15','2016-05-21 14:21:13',NULL,NULL,'青森県','えみ',NULL,NULL,NULL),(64,'emi.m0918@gmail.com','$2a$10$ix5BZCbMdBz8Tdp2GRp1uedFpovqdWWQq/sA5C1StT655wGuTXmHW','3074e99bc70c0e6dd3c5bc3d76ec131488acaf3f68acac193724a3b2bde59598','2016-08-02 03:39:54',NULL,18,'2016-08-05 05:48:23','2016-08-04 09:02:32','153.205.167.12','153.205.167.12','2016-07-25 08:49:24','2016-08-05 05:48:23','20160805144823.jpg','',NULL,'emiq',NULL,NULL,NULL),(65,'miho.tateishi325@gmail.com','$2a$10$vPzZNpLD9plSr9JIn8.Zl.UGSiGk5DCRwlmwZL99GwGE60939wAiy',NULL,NULL,NULL,2,'2016-08-05 05:29:47','2016-08-05 05:27:01','27.131.11.254','27.131.11.254','2016-08-05 05:27:01','2016-08-05 05:29:47','20160805142947.jpg','',NULL,'Miho',NULL,NULL,NULL);
/*!40000 ALTER TABLE `users` ENABLE KEYS */;
UNLOCK TABLES;
/*!40103 SET TIME_ZONE=@OLD_TIME_ZONE */;

/*!40101 SET SQL_MODE=@OLD_SQL_MODE */;
/*!40014 SET FOREIGN_KEY_CHECKS=@OLD_FOREIGN_KEY_CHECKS */;
/*!40014 SET UNIQUE_CHECKS=@OLD_UNIQUE_CHECKS */;
/*!40101 SET CHARACTER_SET_CLIENT=@OLD_CHARACTER_SET_CLIENT */;
/*!40101 SET CHARACTER_SET_RESULTS=@OLD_CHARACTER_SET_RESULTS */;
/*!40101 SET COLLATION_CONNECTION=@OLD_COLLATION_CONNECTION */;
/*!40111 SET SQL_NOTES=@OLD_SQL_NOTES */;

-- Dump completed on 2016-08-05 20:07:01
